sample_index,input_i,input_q,expected_i,expected_q
0,2218,1324,1848,1003
1,2805,810,2118,541
2,3614,-251,2760,-282
3,4416,-1561,3253,-1254
4,4951,-2758,3520,-2089
5,5009,-3506,3485,-2579
6,4502,-3594,3133,-2617
7,3492,-2992,2494,-2217
8,2177,-1870,1621,-1448
9,833,-553,643,-451
10,-270,565,-202,442
11,-945,1124,-723,888
12,-1145,903,-888,714
13,-974,-119,-780,-100
14,-651,-1757,-555,-1394
15,-444,-3670,-417,-2801
16,-580,-5450,-539,-3956
17,-1180,-6738,-1001,-4709
18,-2216,-7309,-1760,-4994
19,-3518,-7129,-2665,-4790
20,-4819,-6341,-3528,-4193
21,-5827,-5209,-4168,-3392
22,-6301,-4020,-4436,-2591
23,-6113,-2991,-4281,-1942
24,-5268,-2200,-3744,-1475
25,-3896,-1569,-2878,-1100
26,-2210,-908,-1709,-657
27,-439,3,-344,27
28,1221,1312,990,1033
29,2651,3017,2064,2256
30,3818,4925,2841,3465
31,4762,6690,3572,4542
32,5559,7890,4470,5405
33,6283,8157,5271,5644
34,6972,7289,5602,4877
35,7616,5335,5643,3344
36,8150,2606,5743,1426
37,8483,-382,5860,-649
38,8512,-3029,5838,-2558
39,8155,-4800,5559,-3856
40,7363,-5351,4926,-4049
41,6132,-4623,4075,-3263
42,4504,-2838,3141,-2016
43,2562,-439,1927,-324
44,424,2039,352,1605
45,-1758,4109,-1248,3096
46,-3814,5457,-2598,3945
47,-5569,6006,-3716,4364
48,-6865,5909,-4608,4443
49,-7594,5480,-5140,4233
50,-7725,5077,-5213,3923
51,-7330,4986,-4888,3769
52,-6580,5330,-4332,3930
53,-5724,6038,-3723,4386
54,-5038,6876,-3230,4977
55,-4760,7527,-3024,5480
56,-5015,7698,-3216,5660
57,-5775,7211,-3795,5342
58,-6846,6057,-4604,4529
59,-7906,4400,-5404,3374
60,-8588,2526,-5925,2063
61,-8577,761,-5909,781
62,-7714,-612,-5271,-262
63,-6057,-1423,-4192,-911
64,-3885,-1638,-2828,-1144
65,-1641,-1343,-1271,-995
66,182,-702,124,-540
67,1180,109,915,80
68,1154,943,906,739
69,187,1706,156,1357
70,-1369,2352,-1038,1866
71,-2977,2847,-2198,2203
72,-4056,3143,-2905,2368
73,-4145,3160,-2933,2351
74,-3038,2794,-2174,2103
75,-846,1962,-576,1516
76,2027,652,1633,453
77,4992,-1022,3668,-857
78,7440,-2807,5146,-2229
79,8917,-4333,6288,-3759
80,9239,-5187,6650,-4674
81,8548,-5021,5921,-4115
82,7249,-3661,4869,-2661
83,5882,-1188,4101,-848
84,4946,2043,3594,1458
85,4740,5456,3477,3738
86,5268,8370,4438,5859
87,6236,10156,6799,8125
88,7150,10393,8559,8864
89,7483,8977,7469,6851
90,6853,6151,5162,4057
91,5169,2461,3663,1591
92,2683,-1379,1960,-1164
93,-55,-4649,-142,-3459
94,-2352,-6789,-1820,-4715
95,-3566,-7519,-2717,-5107
96,-3307,-6878,-2375,-4621
97,-1564,-5190,-1088,-3629
98,1268,-2960,996,-2231
99,4480,-735,3346,-615
100,7229,1024,5116,529
101,8767,2034,6281,1060
102,8640,2219,6068,1215
103,6811,1687,4614,1030
104,3667,662,2629,421
105,-81,-597,-138,-492
106,-3591,-1864,-2749,-1358
107,-6103,-2975,-4382,-1983
108,-7125,-3828,-5062,-2467
109,-6534,-4360,-4561,-2859
110,-4580,-4513,-3178,-3084
111,-1788,-4222,-1286,-3054
112,1203,-3428,898,-2587
113,3805,-2114,2812,-1616
114,5616,-354,4046,-328
115,6484,1654,4590,1066
116,6487,3594,4577,2379
117,5856,5075,4152,3380
118,4863,5727,3450,3831
119,3731,5307,2649,3597
120,2576,3792,1899,2670
121,1414,1423,1105,1026
122,210,-1323,137,-1079
123,-1045,-3833,-857,-2886
124,-2283,-5517,-1749,-3910
125,-3332,-5964,-2464,-4085
126,-3952,-5072,-2845,-3432
127,-3913,-3095,-2844,-2120
128,-3090,-589,-2327,-354
129,-1531,1731,-1140,1386
130,513,3185,458,2422
131,2636,3330,2032,2419
132,4376,2090,3246,1420
133,5346,-197,3850,-282
134,5362,-2868,3728,-2178
135,4512,-5111,3014,-3690
136,3145,-6189,2029,-4356
137,1784,-5654,1161,-3968
138,971,-3488,697,-2559
139,1101,-114,908,-62
140,2287,3702,1821,2740
141,4304,7061,3340,4829
142,6626,9162,6469,6842
143,8562,9523,10124,7935
144,9443,8102,10130,6234
145,8811,5298,7038,3419
146,6564,1831,4578,1112
147,3000,-1460,2153,-1198
148,-1243,-3852,-1050,-2870
149,-5340,-4922,-3902,-3305
150,-8479,-4645,-6451,-2855
151,-10067,-3370,-7963,-1744
152,-9865,-1693,-7274,-619
153,-8037,-258,-5461,45
154,-5097,439,-3569,372
155,-1771,194,-1326,155
156,1193,-851,920,-713
157,3192,-2266,2348,-1776
158,3900,-3477,2758,-2600
159,3309,-3953,2306,-2901
160,1695,-3370,1183,-2513
161,-481,-1719,-434,-1294
162,-2702,690,-2091,611
163,-4519,3314,-3219,2505
164,-5629,5533,-3768,4059
165,-5910,6821,-3863,5063
166,-5402,6896,-3482,4955
167,-4259,5791,-2784,3999
168,-2682,3834,-1858,2752
169,-877,1554,-624,1188
170,973,-474,783,-391
171,2708,-1782,2067,-1399
172,4186,-2130,3083,-1630
173,5265,-1558,3796,-1191
174,5813,-361,4153,-327
175,5723,1007,4086,650
176,4952,2063,3568,1419
177,3551,2425,2625,1732
178,1679,1907,1293,1419
179,-404,560,-331,424
180,-2386,-1354,-1886,-1030
181,-3960,-3437,-2965,-2462
182,-4901,-5256,-3568,-3586
183,-5116,-6449,-3751,-4333
184,-4667,-6800,-3398,-4550
185,-3747,-6278,-2668,-4212
186,-2628,-5029,-1899,-3478
187,-1583,-3329,-1220,-2426
188,-821,-1518,-680,-1151
189,-438,78,-371,74
190,-413,1205,-328,959
191,-641,1728,-489,1369
192,-991,1645,-760,1308
193,-1367,1071,-1066,866
194,-1748,209,-1383,197
195,-2193,-708,-1741,-510
196,-2810,-1464,-2204,-1067
197,-3693,-1915,-2826,-1361
198,-4854,-2022,-3595,-1371
199,-6183,-1860,-4435,-1173
200,-7438,-1604,-5236,-902
201,-8298,-1480,-5832,-741
202,-8441,-1708,-5917,-906
203,-7647,-2428,-5296,-1502
204,-5889,-3647,-4086,-2466
205,-3374,-5215,-2395,-3660
206,-519,-6837,-452,-4802
207,2123,-8133,1238,-5770
208,3991,-8732,2435,-6495
209,4654,-8369,2904,-6182
210,3921,-6977,2467,-4811
211,1889,-4728,1215,-3321
212,-1066,-2014,-934,-1472
213,-4386,627,-3304,561
214,-7454,2640,-5194,2093
215,-9739,3593,-7161,3443
216,-10905,3293,-8679,3800
217,-10875,1846,-8510,2369
218,-9811,-355,-7161,228
219,-8054,-2728,-5643,-1673
220,-6014,-4646,-4199,-3084
221,-4064,-5599,-2873,-3793
222,-2455,-5324,-1781,-3682
223,-1285,-3875,-990,-2792
224,-512,-1596,-429,-1189
225,-10,977,1,798
226,359,3272,326,2510
227,682,4836,584,3548
228,960,5451,784,3903
229,1110,5183,879,3704
230,1010,4331,804,3159
231,551,3316,465,2506
232,-304,2536,-195,1988
233,-1489,2227,-1117,1783
234,-2832,2391,-2111,1896
235,-4095,2804,-2964,2153
236,-5027,3104,-3543,2319
237,-5433,2928,-3792,2157
238,-5220,2063,-3687,1522
239,-4418,545,-3229,424
240,-3173,-1319,-2412,-980
241,-1699,-3022,-1335,-2279
242,-230,-4002,-233,-2995
243,1038,-3821,728,-2860
244,1986,-2317,1497,-1767
245,2581,314,2018,241
246,2863,3543,2199,2616
247,2916,6627,2224,4611
248,2829,8803,2441,6165
249,2664,9495,2470,6738
250,2444,8470,1978,5730
251,2158,5916,1566,3983
252,1777,2388,1370,1688
253,1284,-1331,981,-1110
254,691,-4434,448,-3319
255,59,-6294,-76,-4469
256,-517,-6607,-485,-4591
257,-923,-5446,-728,-3815
258,-1055,-3204,-832,-2344
259,-849,-457,-671,-313
260,-307,2203,-197,1734
261,499,4332,453,3228
262,1430,5717,1142,4072
263,2301,6387,1759,4424
264,2912,6540,2174,4470
265,3087,6420,2273,4377
266,2706,6199,1983,4259
267,1735,5897,1290,4122
268,239,5374,216,3849
269,-1612,4398,-1153,3233
270,-3564,2754,-2623,2064
271,-5312,358,-3872,311
272,-6548,-2660,-4671,-1765
273,-7018,-5953,-5291,-3984
274,-6572,-9025,-6165,-6739
275,-5208,-11365,-6634,-10052
276,-3080,-12586,-5335,-12332
277,-489,-12547,-2429,-12105
278,2177,-11390,564,-10046
279,4507,-9500,2738,-7655
280,6159,-7385,4053,-5634
281,6928,-5517,4612,-4090
282,6793,-4190,4521,-3046
283,5916,-3437,3977,-2482
284,4600,-3041,3183,-2236
285,3207,-2626,2311,-1996
286,2063,-1816,1558,-1429
287,1372,-394,1096,-329
288,1166,1595,974,1242
289,1306,3818,1076,2868
290,1530,5742,1219,4102
291,1549,6799,1228,4722
292,1139,6576,887,4535
293,232,4975,189,3533
294,-1053,2283,-814,1717
295,-2433,-879,-1921,-665
296,-3536,-3709,-2660,-2659
297,-4013,-5457,-2931,-3752
298,-3649,-5643,-2614,-3842
299,-2442,-4211,-1760,-2958
300,-617,-1562,-453,-1146
301,1420,1551,1160,1217
302,3193,4240,2408,3044
303,4287,5739,3133,3913
304,4468,5635,3185,3775
305,3756,3999,2670,2729
306,2418,1368,1822,941
307,894,-1410,667,-1155
308,-336,-3428,-297,-2614
309,-899,-3997,-711,-2967
310,-641,-2858,-500,-2149
311,308,-267,278,-176
312,1575,3072,1281,2349
313,2640,6207,2020,4361
314,2995,8223,2426,5687
315,2298,8510,1860,5831
316,485,6948,352,4712
317,-2191,3944,-1646,2824
318,-5213,319,-3836,264
319,-7932,-2935,-5726,-1791
320,-9729,-4937,-8146,-3041
321,-10182,-5176,-8918,-3201
322,-9176,-3647,-6823,-2089
323,-6932,-852,-4730,-373
324,-3950,2359,-2766,1859
325,-883,5035,-516,3707
326,1632,6400,1286,4473
327,3119,6069,2280,4134
328,3372,4135,2426,2845
329,2483,1125,1866,758
330,799,-2176,553,-1740
331,-1182,-4973,-964,-3633
332,-2933,-6694,-2232,-4615
333,-4021,-7145,-3013,-4816
334,-4183,-6545,-3013,-4365
335,-3359,-5424,-2380,-3699
336,-1667,-4431,-1228,-3198
337,645,-4108,445,-3095
338,3268,-4700,2279,-3487
339,5886,-6067,3931,-4540
340,8218,-7716,5968,-7222
341,10029,-8952,9139,-11941
342,11139,-9095,11991,-14907
343,11423,-7694,11834,-11826
344,10819,-4687,9185,-5654
345,9351,-443,6793,-859
346,7147,4317,5075,2828
347,4453,8695,3673,6166
348,1618,11841,2871,10301
349,-953,13169,1464,14098
350,-2875,12488,-798,13009
351,-3871,10038,-2209,8275
352,-3855,6412,-2473,4520
353,-2970,2393,-2120,1745
354,-1580,-1241,-1215,-977
355,-191,-3890,-197,-2920
356,668,-5249,394,-3806
357,588,-5333,320,-3823
358,-605,-4421,-556,-3199
359,-2778,-2944,-2180,-2112
360,-5514,-1351,-4050,-847
361,-8192,-4,-5785,292
362,-10146,898,-7542,1375
363,-10829,1322,-8387,1966
364,-9954,1364,-7193,1578
365,-7577,1187,-5100,969
366,-4081,955,-2884,747
367,-87,783,17,621
368,3697,726,2834,500
369,6651,780,4738,418
370,8373,917,5894,356
371,8766,1104,6148,449
372,8023,1325,5513,704
373,6554,1573,4514,986
374,4856,1839,3477,1255
375,3374,2096,2539,1507
376,2399,2292,1881,1696
377,2017,2353,1616,1759
378,2125,2208,1700,1649
379,2501,1820,1976,1345
380,2898,1216,2262,873
381,3134,489,2423,312
382,3142,-210,2416,-223
383,2982,-712,2289,-604
384,2796,-883,2154,-732
385,2744,-665,2129,-564
386,2935,-110,2286,-138
387,3382,633,2616,421
388,3996,1350,3035,937
389,4615,1821,3429,1248
390,5062,1887,3697,1265
391,5209,1496,3774,973
392,5013,719,3642,419
393,4529,-266,3323,-290
394,3880,-1229,2875,-998
395,3203,-1952,2388,-1538
396,2590,-2284,1939,-1787
397,2053,-2175,1550,-1711
398,1512,-1677,1154,-1337
399,829,-909,638,-736
400,-129,-5,-112,0
401,-1426,929,-1123,767
402,-3003,1845,-2279,1476
403,-4667,2748,-3362,2101
404,-6125,3658,-4218,2731
405,-7049,4569,-4755,3449
406,-7175,5398,-4786,4099
407,-6378,5983,-4164,4393
408,-4725,6099,-3030,4284
409,-2465,5532,-1576,3880
410,23,4159,128,3026
411,2320,2030,1829,1474
412,4075,-600,3050,-543
413,5084,-3287,3569,-2470
414,5329,-5485,3551,-3987
415,4968,-6675,3212,-4790
416,4274,-6514,2763,-4546
417,3549,-4940,2414,-3444
418,3039,-2225,2248,-1631
419,2869,1070,2234,810
420,3034,4220,2311,3036
421,3415,6516,2574,4474
422,3843,7449,2930,5035
423,4160,6847,3040,4541
424,4276,4928,3033,3267
425,4184,2241,3059,1489
426,3952,-483,2945,-469
427,3676,-2534,2699,-1950
428,3430,-3418,2481,-2553
429,3230,-3001,2364,-2244
430,3021,-1537,2285,-1184
431,2705,402,2104,283
432,2188,2100,1720,1576
433,1437,2911,1141,2187
434,522,2446,434,1859
435,-383,699,-304,523
436,-1038,-1945,-855,-1539
437,-1208,-4819,-971,-3558
438,-753,-7151,-687,-5027
439,309,-8289,-14,-5784
440,1772,-7875,1066,-5442
441,3279,-5946,2226,-4094
442,4409,-2917,3150,-2061
443,4795,544,3505,394
444,4250,3698,3090,2622
445,2835,5939,2069,4141
446,880,6948,703,4818
447,-1093,6755,-682,4691
448,-2498,5702,-1682,4000
449,-2854,4311,-1974,3105
450,-1929,3112,-1346,2346
451,170,2474,242,1920
452,2998,2502,2363,1859
453,5872,3016,4273,2033
454,8040,3628,5856,2243
455,8887,3882,6620,2324
456,8104,3411,5681,2069
457,5791,2068,3963,1324
458,2449,-17,1778,-105
459,-1132,-2470,-961,-1929
460,-4074,-4777,-3011,-3357
461,-5632,-6440,-4191,-4340
462,-5393,-7121,-4005,-4790
463,-3386,-6745,-2359,-4549
464,-80,-5520,-15,-3895
465,3731,-3871,2704,-2819
466,7133,-2316,4956,-1794
467,9326,-1317,6631,-1415
468,9825,-1150,7049,-1412
469,8583,-1831,5802,-1598
470,5997,-3123,3978,-2301
471,2798,-4614,1835,-3377
472,-150,-5840,-255,-4181
473,-2068,-6416,-1584,-4464
474,-2476,-6134,-1808,-4235
475,-1307,-5007,-939,-3565
476,1078,-3241,838,-2445
477,3989,-1163,3008,-927
478,6587,887,4701,493
479,8108,2646,5784,1580
480,8052,3989,5775,2511
481,6311,4930,4378,3264
482,3188,5583,2201,3869
483,-683,6090,-471,4326
484,-4501,6554,-2996,4715
485,-7495,6989,-5172,5784
486,-9108,7317,-6923,7294
487,-9121,7404,-6955,7426
488,-7679,7121,-5296,5983
489,-5236,6412,-3370,4596
490,-2416,5335,-1548,3775
491,152,4058,222,2988
492,1993,2824,1571,2113
493,2885,1876,2226,1400
494,2891,1376,2233,1028
495,2304,1351,1809,1027
496,1534,1676,1239,1295
497,973,2111,818,1636
498,871,2373,745,1827
499,1266,2236,1049,1704
500,1984,1607,1591,1198
501,2701,572,2115,380
502,3057,-623,2342,-543
503,2779,-1638,2095,-1305
504,1779,-2149,1324,-1684
505,195,-1951,102,-1519
506,-1638,-1039,-1317,-768
507,-3274,370,-2510,356
508,-4286,1886,-3138,1479
509,-4387,3047,-3114,2283
510,-3520,3448,-2487,2550
511,-1879,2864,-1348,2162
